iteration,max return,median return,avg return,min return,std return,avg rollout len,num total samples,explained var critic,loss improv critic,avg grad norm critic,loss after,KL(old_new),avg expl strat std,expl strat entropy,avg grad norm policy
0,36.9794,9.264,11.0028,2.5782,5.6346,19.5332,10001,0.758400022983551,0.7355999946594238,0.4558,-0.0026000000070780516,0.002300000051036477,0.9958000183105469,1.4063999652862549,0.0298
1,73.5266,10.2709,13.3896,2.6859,9.8883,22.6343,20028,0.8851000070571899,0.63919997215271,0.5073,-0.003700000001117587,0.002400000113993883,0.9940000176429749,1.4006999731063843,0.0363
2,84.8995,10.8811,14.3408,1.9514,10.5408,24.4,30032,0.927299976348877,0.5491999983787537,0.662,-0.0026000000070780516,0.0020000000949949026,0.9934999942779541,1.3990000486373901,0.0331
3,108.6363,13.1455,20.7229,3.3387,19.1219,30.5183,40042,0.9605000019073486,0.5501999855041504,0.7582,-0.0035000001080334187,0.0017999999690800905,0.9934999942779541,1.398800015449524,0.0382
4,114.2571,15.9684,24.7232,4.082,22.6454,35.0982,50045,0.9708999991416931,0.4934999942779541,0.8746,-0.0020000000949949026,0.0026000000070780516,0.9886000156402588,1.3838000297546387,0.0381
5,115.5198,19.0671,28.909,5.0025,23.8165,39.125,60061,0.9767000079154968,0.4401000142097473,0.9369,-0.0026000000070780516,0.0017000000225380063,0.9836000204086304,1.367799997329712,0.037
6,145.4637,27.1953,37.4965,4.5484,28.9578,45.0491,70152,0.9835000038146973,0.4377000033855438,0.959,-0.0015999999595806003,0.002099999925121665,0.9836999773979187,1.3681999444961548,0.0322
7,186.8337,32.5668,41.8548,3.9468,32.1474,48.0335,80191,0.9846000075340271,0.3885999917984009,0.9791,-0.00139999995008111,0.0027000000700354576,0.9789999723434448,1.3533999919891357,0.0395
8,147.7589,40.6948,44.5998,4.8131,32.1871,51.9381,90267,0.9850000143051147,0.3357999920845032,0.9869,-0.0017999999690800905,0.0010999999940395355,0.9818000197410583,1.3621000051498413,0.0408
9,186.3875,40.2014,45.3916,4.283,36.1378,50.085,100284,0.986299991607666,0.3077999949455261,0.9879,-0.00139999995008111,0.0008999999845400453,0.9794999957084656,1.3551000356674194,0.0419
10,170.9732,59.3414,57.263,1.73,40.2803,56.4944,110340,0.9872000217437744,0.33739998936653137,0.9937,-0.0007999999797903001,0.0003000000142492354,0.9718000292778015,1.3314000368118286,0.0426
11,209.0621,56.7934,57.9074,5.1956,42.3523,59.982,120357,0.9883999824523926,0.30320000648498535,0.9951,-0.0013000000035390258,0.0005000000237487257,0.9645000100135803,1.3085999488830566,0.0515
12,220.0648,56.2685,56.9873,4.7137,43.7937,59.1579,130473,0.9887999892234802,0.27549999952316284,0.9983,-0.0015999999595806003,0.0012000000569969416,0.9598000049591064,1.2936999797821045,0.0502
13,190.2481,62.252,62.5789,3.3407,41.4239,58.1156,140527,0.9891999959945679,0.31690001487731934,0.9987,-0.002099999925121665,0.0013000000035390258,0.9555000066757202,1.2799999713897705,0.0449
14,218.3926,73.3502,71.0134,4.1912,40.7106,60.9817,150528,0.9889000058174133,0.38530001044273376,0.9994,-0.0017999999690800905,0.001500000013038516,0.9505000114440918,1.2651000022888184,0.0477
15,179.8537,68.9891,65.7124,4.5181,33.4299,55.2692,160587,0.9887999892234802,0.39010000228881836,1.0,-0.002199999988079071,0.0012000000569969416,0.9459999799728394,1.250499963760376,0.0467
16,218.8019,63.6703,65.7729,5.7335,31.1408,52.3822,170592,0.9886999726295471,0.49059998989105225,0.999,-0.002099999925121665,0.0008999999845400453,0.9416999816894531,1.2371000051498413,0.0431
17,195.9973,65.9669,66.9906,5.7301,24.9838,51.1735,180622,0.9868999719619751,0.48100000619888306,1.0,-0.002199999988079071,0.0008999999845400453,0.9453999996185303,1.2487000226974487,0.0365
18,240.4107,67.2821,70.1202,6.9362,26.7644,51.5939,190786,0.9843000173568726,0.4410000145435333,1.0,-0.0015999999595806003,0.0008999999845400453,0.9442999958992004,1.2454999685287476,0.0381
19,214.9646,64.4952,70.1568,8.1658,27.7009,49.8308,200802,0.9822999835014343,0.374099999666214,1.0,-0.00139999995008111,0.0015999999595806003,0.9485999941825867,1.259600043296814,0.0447
20,234.2482,69.187,74.0398,6.7754,32.8828,52.4062,210864,0.9815000295639038,0.3416999876499176,1.0,-0.001500000013038516,0.00139999995008111,0.9531999826431274,1.273900032043457,0.0436
21,225.4144,67.6491,74.5035,7.42,33.1877,50.3618,220886,0.9817000031471252,0.296999990940094,1.0,-0.002400000113993883,0.002400000113993883,0.9495000243186951,1.2623000144958496,0.0442
22,216.2584,75.4331,86.4394,8.3352,42.3449,56.6554,230914,0.979200005531311,0.18119999766349792,1.0,-0.0010999999940395355,0.0027000000700354576,0.9473000168800354,1.2553999423980713,0.0413
23,233.0493,84.4581,92.5761,6.9365,43.3998,59.1882,240976,0.9776999950408936,0.17730000615119934,1.0,-0.0010999999940395355,0.002899999963119626,0.95169997215271,1.2696000337600708,0.048
24,236.3773,84.8761,99.1229,6.3144,48.2333,62.956,250986,0.9778000116348267,0.1826000064611435,1.0,-0.00139999995008111,0.0020000000949949026,0.9460999965667725,1.2517999410629272,0.0453
25,210.065,96.8217,108.3026,8.0755,50.4606,66.4238,261016,0.9797000288963318,0.20559999346733093,1.0,-0.0008999999845400453,0.002099999925121665,0.9402999877929688,1.233199954032898,0.0404
26,235.7947,119.4804,122.9959,15.9289,49.425,73.4818,271083,0.980400025844574,0.23559999465942383,1.0,-0.0008999999845400453,0.0015999999595806003,0.9323999881744385,1.2073999643325806,0.0398
27,222.8806,116.1212,121.7465,12.6428,49.2064,73.4672,281148,0.9812999963760376,0.2298000007867813,1.0,0.0003000000142492354,0.004399999976158142,0.921999990940094,1.1734999418258667,0.0458
28,253.5188,129.2167,134.5143,21.4579,49.5892,79.0157,291183,0.9833999872207642,0.2892000079154968,1.0,-0.000699999975040555,0.00279999990016222,0.9125999808311462,1.142300009727478,0.0445
29,249.407,152.1274,146.8868,7.4535,49.6558,84.1092,301192,0.9869999885559082,0.35989999771118164,1.0,0.00039999998989515007,0.0027000000700354576,0.909600019454956,1.1318999528884888,0.0412
30,219.8529,165.5523,154.6091,45.5772,46.0448,89.2832,311281,0.9871000051498413,0.3328000009059906,1.0,0.0010000000474974513,0.0034000000450760126,0.9077000021934509,1.125499963760376,0.0372
31,218.442,171.3468,157.492,56.8281,43.333,91.1261,321396,0.9894999861717224,0.39730000495910645,1.0,9.999999747378752e-05,0.0013000000035390258,0.8999999761581421,1.0992000102996826,0.0342
32,238.929,178.9184,163.6039,56.2623,45.7044,93.5047,331401,0.9904999732971191,0.34439998865127563,1.0,-0.0007999999797903001,0.0017000000225380063,0.8960999846458435,1.0852999687194824,0.0381
33,239.1815,183.6716,167.7614,26.7334,45.3656,95.6667,341446,0.9914000034332275,0.366100013256073,1.0,0.00019999999494757503,0.002099999925121665,0.8878999948501587,1.05840003490448,0.0373
34,248.9135,185.8691,175.2654,9.3729,41.048,99.2079,351466,0.9925000071525574,0.37790000438690186,1.0,-9.999999747378752e-05,0.0012000000569969416,0.8842999935150146,1.0462000370025635,0.0335
35,233.8185,181.7432,169.4541,63.2872,39.4938,95.2381,361466,0.9932000041007996,0.3874000012874603,1.0,-0.0003000000142492354,0.002300000051036477,0.8715000152587891,1.0020999908447266,0.0372
36,245.1593,191.0378,178.0609,62.6014,34.4476,99.3465,371500,0.9940000176429749,0.3450999855995178,1.0,0.0010999999940395355,0.0027000000700354576,0.8686000108718872,0.9916999936103821,0.0328
37,230.6099,187.332,176.7535,35.5744,36.7724,98.2157,381518,0.9944000244140625,0.3562000095844269,1.0,-9.999999747378752e-05,0.0017999999690800905,0.8634999990463257,0.9726999998092651,0.034
38,281.868,188.9402,180.5547,52.4922,31.8228,101.0303,391520,0.9947999715805054,0.35179999470710754,1.0,-0.0006000000284984708,0.0012000000569969416,0.8593999743461609,0.9591000080108643,0.0335
39,247.966,190.2536,179.0785,83.1156,32.1018,97.4808,401658,0.9951000213623047,0.36660000681877136,1.0,0.00039999998989515007,0.002199999988079071,0.8543999791145325,0.9406999945640564,0.0319
40,238.814,190.3541,184.6257,49.147,28.7839,100.88,411746,0.9959999918937683,0.3853999972343445,1.0,9.999999747378752e-05,0.0026000000070780516,0.8446000218391418,0.9053999781608582,0.0279
41,232.7242,190.5453,182.2377,98.0602,28.1572,99.1287,421758,0.9955999851226807,0.322299987077713,1.0,0.003100000089034438,0.004900000058114529,0.8357999920845032,0.8738999962806702,0.0282
42,219.8694,192.6169,187.7527,117.7232,21.2903,100.91,431849,0.996399998664856,0.37380000948905945,1.0,0.00039999998989515007,0.0027000000700354576,0.8241999745368958,0.8313999772071838,0.0278
43,227.2038,196.8977,191.9662,107.4335,19.5272,102.9184,441935,0.9965000152587891,0.34769999980926514,1.0,-0.0,0.0013000000035390258,0.817300021648407,0.8062999844551086,0.0301
44,215.6419,189.995,183.4605,95.8423,23.2043,97.9903,452028,0.9958999752998352,0.21279999613761902,1.0,0.00139999995008111,0.00430000014603138,0.8181999921798706,0.8094000220298767,0.0293
45,218.8205,195.111,188.385,86.9072,22.2251,100.25,462053,0.9965000152587891,0.2840999960899353,1.0,0.000699999975040555,0.004100000020116568,0.8120999932289124,0.7871000170707703,0.0274
46,223.5701,195.8518,190.4455,118.6162,19.1411,100.11,472064,0.996399998664856,0.22830000519752502,1.0,0.0003000000142492354,0.0017999999690800905,0.8108999729156494,0.7825000286102295,0.028
47,219.3165,188.9149,187.2976,113.0805,20.1489,98.3235,482093,0.9959999918937683,0.15230000019073486,1.0,0.0005000000237487257,0.003100000089034438,0.8054999709129333,0.7610999941825867,0.0241
48,224.5437,193.2538,188.4493,8.7979,26.3488,98.7255,492163,0.9965999722480774,0.25850000977516174,1.0,0.00039999998989515007,0.003800000064074993,0.8004000186920166,0.7425000071525574,0.0255
49,227.5436,191.2328,189.0683,124.6752,18.4551,98.8922,502250,0.9962000250816345,0.14959999918937683,1.0,0.0007999999797903001,0.00430000014603138,0.7975000143051147,0.7314000129699707,0.0265
50,222.5577,194.6213,191.3152,142.3126,15.8781,99.7129,512321,0.9965000152587891,0.155799999833107,1.0,0.000699999975040555,0.0038999998942017555,0.7907999753952026,0.7059000134468079,0.0249
51,215.4268,198.1056,191.3628,123.3958,19.4258,99.6733,522388,0.996399998664856,0.1378999948501587,1.0,0.0012000000569969416,0.0052999998442828655,0.7915999889373779,0.7077999711036682,0.0264
52,224.3538,201.7247,195.2034,140.5091,17.9904,102.6224,532445,0.9962000250816345,0.09459999948740005,1.0,9.999999747378752e-05,0.00279999990016222,0.7876999974250793,0.6924999952316284,0.0283
53,226.3874,200.6457,197.5133,136.1328,13.9645,102.7959,542519,0.9965000152587891,0.13269999623298645,1.0,-0.0003000000142492354,0.0017000000225380063,0.7817999720573425,0.6700000166893005,0.0268
54,228.7533,194.0807,191.0127,130.6108,16.8855,99.1287,552531,0.9961000084877014,0.06800000369548798,1.0,-9.999999747378752e-05,0.002300000051036477,0.777899980545044,0.654699981212616,0.026
55,218.6315,195.8719,192.0325,137.9102,16.4855,99.2277,562553,0.9961000084877014,0.058400001376867294,1.0,9.999999747378752e-05,0.002300000051036477,0.7746999859809875,0.6430000066757202,0.0234
56,210.5514,198.9277,196.7953,147.3853,11.4245,102.0,572651,0.996399998664856,0.08420000225305557,1.0,0.000699999975040555,0.004399999976158142,0.7749000191688538,0.6424000263214111,0.0285
57,213.472,197.954,194.9028,140.7905,12.8198,100.43,582694,0.9962000250816345,0.040800001472234726,1.0,0.0007999999797903001,0.00279999990016222,0.7754999995231628,0.642799973487854,0.026
58,211.8836,199.9302,197.1204,161.0892,11.2076,101.2929,592722,0.9962999820709229,0.06840000301599503,1.0,-9.999999747378752e-05,0.0017000000225380063,0.7699999809265137,0.6198999881744385,0.028
59,229.6092,198.6556,196.4419,154.5133,12.2068,101.2525,602746,0.996399998664856,0.08479999750852585,1.0,-0.0003000000142492354,0.0005000000237487257,0.7638000249862671,0.5946000218391418,0.0289
60,218.2986,199.9929,196.3015,135.1645,14.3331,101.0505,612750,0.996399998664856,0.08720000088214874,1.0,-9.999999747378752e-05,0.002300000051036477,0.7565000057220459,0.5648999810218811,0.0267
61,214.9069,200.2237,198.2378,152.7468,10.4919,101.9798,622846,0.996399998664856,0.07190000265836716,1.0,0.0003000000142492354,0.0015999999595806003,0.7544000148773193,0.5554999709129333,0.026
62,213.4847,198.0875,195.1246,120.5381,14.3265,100.16,632862,0.9965000152587891,0.1014999970793724,1.0,-0.0003000000142492354,0.002300000051036477,0.7494000196456909,0.5340999960899353,0.0245
63,217.313,200.033,197.9395,161.3685,10.5572,101.2828,642889,0.996399998664856,0.06419999897480011,1.0,0.00039999998989515007,0.002400000113993883,0.7444000244140625,0.5123999714851379,0.0268
64,216.4989,199.6974,198.3558,164.733,10.5913,101.7475,652962,0.996399998664856,0.04879999905824661,1.0,0.0005000000237487257,0.0017000000225380063,0.7386000156402588,0.48890000581741333,0.026
65,214.0025,201.2062,198.6654,166.9452,10.2683,101.5051,663011,0.9962999820709229,0.035599999129772186,1.0,0.0,0.0032999999821186066,0.7314000129699707,0.460099995136261,0.0257
66,212.0206,199.9824,198.1345,151.5408,10.5368,100.99,673110,0.9965000152587891,0.09120000153779984,1.0,0.00019999999494757503,0.002899999963119626,0.7265999913215637,0.43939998745918274,0.0255
67,215.78,201.7022,200.5585,173.4041,8.6861,102.6939,683174,0.9965000152587891,0.06109999865293503,1.0,0.0010000000474974513,0.002400000113993883,0.7254999876022339,0.43389999866485596,0.026
68,215.2631,199.4562,198.71,169.096,9.6436,101.4545,693218,0.996399998664856,0.042899999767541885,1.0,-0.0003000000142492354,0.0012000000569969416,0.7175999879837036,0.39890000224113464,0.0349
69,214.7108,199.5618,197.3056,167.0139,10.4614,100.56,703274,0.9965000152587891,0.07349999994039536,1.0,0.00039999998989515007,0.0027000000700354576,0.7125999927520752,0.3772999942302704,0.0282
70,214.5787,199.7828,197.9611,169.9332,10.3202,101.202,713293,0.996399998664856,0.026399999856948853,1.0,-0.00019999999494757503,0.002400000113993883,0.7074999809265137,0.35420000553131104,0.0285
71,215.8487,199.7922,198.5685,166.3416,9.4449,100.93,723386,0.9965000152587891,0.04399999976158142,1.0,9.999999747378752e-05,0.002899999963119626,0.7077000141143799,0.3549000024795532,0.0289
72,214.4545,200.8802,198.6708,174.097,8.1079,100.94,733480,0.9965999722480774,0.08460000157356262,1.0,0.0005000000237487257,0.0015999999595806003,0.7042999863624573,0.33820000290870667,0.0261
73,215.0435,204.3417,201.5967,172.3995,8.8136,102.8878,743563,0.9968000054359436,0.11159999668598175,1.0,-9.999999747378752e-05,0.0006000000284984708,0.7026000022888184,0.3296999931335449,0.0286
74,212.9692,201.401,199.043,173.8516,8.8439,101.404,753602,0.9965999722480774,0.06700000166893005,1.0,9.999999747378752e-05,0.0015999999595806003,0.7009999752044678,0.32260000705718994,0.0273
75,214.5213,203.0482,200.9992,166.2576,8.4441,102.7143,763668,0.9965999722480774,0.06960000097751617,1.0,-0.0,0.002199999988079071,0.6973000168800354,0.30649998784065247,0.0286
76,212.8448,199.8456,199.6438,176.5261,7.7654,101.4545,773712,0.9965999722480774,0.06019999831914902,1.0,0.0005000000237487257,0.0038999998942017555,0.6984000205993652,0.3109999895095825,0.0274
77,214.9625,202.526,200.943,175.6816,8.5041,102.5918,783766,0.9965999722480774,0.07479999959468842,1.0,0.0006000000284984708,0.002099999925121665,0.6969000101089478,0.3057999908924103,0.0312
78,212.9723,201.3977,199.6049,170.3044,8.771,101.6667,793831,0.9965000152587891,0.04699999839067459,1.0,0.0005000000237487257,0.003599999938160181,0.6996999979019165,0.3156999945640564,0.0298
79,214.6442,202.4701,200.6242,175.6339,8.2014,102.051,803832,0.9965999722480774,0.06610000133514404,1.0,0.00019999999494757503,0.0034000000450760126,0.6956999897956848,0.29919999837875366,0.0294
80,212.1134,202.1782,200.6672,180.1322,7.3517,102.0816,813836,0.9968000054359436,0.10379999876022339,1.0,-0.0003000000142492354,0.0010999999940395355,0.6947000026702881,0.2924000024795532,0.0275
81,214.9925,200.8669,199.997,175.114,7.7353,101.6162,823896,0.9968000054359436,0.10459999740123749,1.0,0.00019999999494757503,0.0026000000070780516,0.6952999830245972,0.29330000281333923,0.031
82,216.1411,202.4137,201.5117,183.7643,7.3543,102.6633,833957,0.9969000220298767,0.1316000074148178,1.0,-0.0,0.0013000000035390258,0.6963000297546387,0.2971999943256378,0.0295
83,213.5533,202.7928,200.7553,177.8084,8.0462,102.0816,843961,0.9969000220298767,0.1454000025987625,1.0,-0.0003000000142492354,0.0013000000035390258,0.6933000087738037,0.28610000014305115,0.0295
84,212.7493,204.1734,202.1015,181.9423,7.4485,102.8061,854036,0.9969000220298767,0.14229999482631683,1.0,-0.00019999999494757503,0.001500000013038516,0.6863999962806702,0.2538999915122986,0.0301
85,213.6035,202.4585,201.8626,175.8429,7.693,102.9082,864121,0.996999979019165,0.15379999577999115,1.0,0.00019999999494757503,0.001500000013038516,0.6891999840736389,0.26350000500679016,0.0306
86,216.6864,204.6735,202.5292,175.9579,7.2399,103.1546,874127,0.9969000220298767,0.1273999959230423,1.0,-9.999999747378752e-05,0.0007999999797903001,0.6886000037193298,0.26159998774528503,0.0313
87,211.3099,202.0807,200.6802,168.1121,7.6641,102.102,884133,0.9965999722480774,0.04580000042915344,1.0,-9.999999747378752e-05,0.0019000000320374966,0.6912999749183655,0.2712000012397766,0.0303
88,214.358,203.224,202.2156,177.1603,7.5758,103.0,894227,0.9968000054359436,0.08590000122785568,1.0,-9.999999747378752e-05,0.002300000051036477,0.6880000233650208,0.2549000084400177,0.0347
89,223.7979,202.4986,202.1957,186.5254,6.8259,103.1649,904234,0.9966999888420105,0.07509999722242355,1.0,-0.0006000000284984708,0.000699999975040555,0.6829000115394592,0.23180000483989716,0.0377
90,214.6442,202.4708,201.7946,178.1662,6.5487,102.3878,914268,0.9966999888420105,0.0632999986410141,1.0,-0.00019999999494757503,0.0008999999845400453,0.6794000267982483,0.21729999780654907,0.0347
91,213.3823,202.3448,201.6144,169.3674,6.6044,102.2551,924289,0.996999979019165,0.14990000426769257,1.0,-0.0003000000142492354,0.0010999999940395355,0.6722999811172485,0.18709999322891235,0.0336
92,213.0466,203.4837,201.6944,177.4195,7.241,102.3163,934316,0.9968000054359436,0.10209999978542328,1.0,-9.999999747378752e-05,0.00139999995008111,0.6660000085830688,0.15729999542236328,0.0344
93,212.8441,204.106,201.6159,186.0955,7.2266,102.4388,944355,0.996999979019165,0.1446000039577484,1.0,-0.00039999998989515007,0.0008999999845400453,0.6621000170707703,0.14000000059604645,0.0359
94,213.0993,203.5446,202.5896,181.4231,6.2247,102.9286,954442,0.996999979019165,0.14339999854564667,1.0,-0.00019999999494757503,0.0006000000284984708,0.6610000133514404,0.13230000436306,0.0405
95,215.9599,200.1634,199.863,178.2375,7.4992,100.92,964534,0.9968000054359436,0.08449999988079071,1.0,0.0,0.0026000000070780516,0.6604999899864197,0.131400004029274,0.0384
96,212.5675,204.5257,204.1667,181.8779,5.7066,103.9381,974616,0.996999979019165,0.1379999965429306,1.0,-0.00019999999494757503,0.0008999999845400453,0.652999997138977,0.09780000150203705,0.0381
97,212.4098,202.8544,201.3604,183.9169,6.7518,102.0612,984618,0.996999979019165,0.16300000250339508,1.0,-0.00039999998989515007,0.0008999999845400453,0.6546000242233276,0.1023000031709671,0.0401
98,212.5255,202.1323,201.1453,181.6451,6.9153,101.8384,994700,0.9973000288009644,0.22910000383853912,1.0,-0.0003000000142492354,0.00039999998989515007,0.6553999781608582,0.10459999740123749,0.0398
99,215.5451,201.6672,201.0756,185.1974,6.1023,101.899,1004788,0.9975000023841858,0.2721000015735626,1.0,-0.00039999998989515007,0.000699999975040555,0.6509000062942505,0.08479999750852585,0.0385
100,217.3869,202.999,201.3303,186.7937,6.0774,101.596,1014846,0.9975000023841858,0.29750001430511475,1.0,-0.0006000000284984708,0.0012000000569969416,0.6482999920845032,0.0729999989271164,0.0371
101,215.1906,203.5534,202.8561,189.6623,6.1449,102.7857,1024919,0.9973000288009644,0.22210000455379486,1.0,-0.00019999999494757503,0.0006000000284984708,0.6492000222206116,0.07769999653100967,0.0415
102,211.5066,203.3847,202.3772,181.0078,5.7112,102.3163,1034946,0.9970999956130981,0.17739999294281006,1.0,9.999999747378752e-05,0.0015999999595806003,0.6482999920845032,0.0722000002861023,0.037
103,214.5912,202.3975,201.8335,179.6343,6.0986,101.7677,1045021,0.9970999956130981,0.1737000048160553,1.0,-9.999999747378752e-05,0.0010999999940395355,0.649399995803833,0.07530000060796738,0.0435
104,235.372,203.6043,203.5025,188.2952,6.3539,103.0714,1055122,0.996999979019165,0.1485999971628189,1.0,-0.0007999999797903001,0.0007999999797903001,0.6473000049591064,0.06629999727010727,0.0409
105,219.7883,203.7966,202.9459,183.9356,6.8791,102.6429,1065181,0.9969000220298767,0.11949999630451202,1.0,-0.000699999975040555,0.0017000000225380063,0.6456999778747559,0.05559999868273735,0.0389
106,215.5288,204.3045,202.9955,181.1387,6.1846,102.7143,1075247,0.9968000054359436,0.08020000159740448,1.0,-0.0007999999797903001,0.0012000000569969416,0.6437000036239624,0.04320000112056732,0.0458
107,215.9953,203.3752,202.3973,184.9444,6.3672,102.2347,1085266,0.9966999888420105,0.056699998676776886,1.0,-0.0010000000474974513,0.0020000000949949026,0.6420000195503235,0.032099999487400055,0.0453
108,226.974,202.0641,201.8731,185.4691,6.619,101.8081,1095345,0.9968000054359436,0.09880000352859497,1.0,0.0015999999595806003,0.006500000134110451,0.6395999789237976,0.022299999371170998,0.0428
109,214.0669,202.4071,202.2309,186.0713,6.1947,101.7374,1105417,0.9966999888420105,0.06599999964237213,1.0,-0.0010999999940395355,0.0017000000225380063,0.6363000273704529,0.006200000178068876,0.0422
110,215.8847,204.8388,203.426,179.6335,6.8653,102.0918,1115422,0.9966999888420105,0.06689999997615814,1.0,-0.0013000000035390258,0.0026000000070780516,0.635699987411499,0.004100000020116568,0.0437
111,228.7349,204.9395,204.6501,181.3143,7.7437,102.6837,1125485,0.9968000054359436,0.09769999980926514,1.0,-0.0006000000284984708,0.00279999990016222,0.6371999979019165,0.01080000028014183,0.0426
112,225.9367,204.4766,203.4521,185.1237,8.1692,101.9596,1135579,0.9966999888420105,0.07259999960660934,1.0,-0.00019999999494757503,0.0027000000700354576,0.6380000114440918,0.01590000092983246,0.0448
113,221.5519,207.7863,205.7155,184.3124,8.9289,102.8367,1145657,0.9968000054359436,0.10000000149011612,1.0,-0.0007999999797903001,0.002899999963119626,0.6410999894142151,0.030300000682473183,0.049
114,231.217,209.3248,207.5528,149.7689,10.3475,103.7113,1155717,0.9973000288009644,0.25690001249313354,1.0,0.000699999975040555,0.004600000102072954,0.640999972820282,0.031199999153614044,0.045
115,233.9611,210.4382,208.6735,171.3564,7.4148,104.0103,1165806,0.9969000220298767,0.16290000081062317,1.0,0.0017000000225380063,0.00570000009611249,0.6352999806404114,0.006300000008195639,0.0435
116,224.8735,212.8256,210.9612,181.9062,7.5882,104.6667,1175854,0.9968000054359436,0.11169999837875366,1.0,0.0010000000474974513,0.0044999998062849045,0.6333000063896179,-0.004800000227987766,0.0465
117,222.3377,213.2894,210.7129,160.4182,10.6318,104.1546,1185957,0.9969000220298767,0.149399995803833,1.0,0.000699999975040555,0.005499999970197678,0.6328999996185303,-0.008299999870359898,0.0451
118,224.8626,213.8796,211.7396,179.8152,8.4044,104.2396,1195964,0.9966999888420105,0.11159999668598175,1.0,0.0026000000070780516,0.0052999998442828655,0.629800021648407,-0.02329999953508377,0.0484
119,223.9028,214.7469,214.069,191.9071,5.2857,104.7083,1206016,0.9970999956130981,0.21709999442100525,1.0,0.001500000013038516,0.008999999612569809,0.6270999908447266,-0.037700001150369644,0.0524
120,236.4272,216.1871,215.3039,179.2724,7.231,105.6316,1216051,0.9968000054359436,0.12349999696016312,1.0,-0.000699999975040555,0.0035000001080334187,0.6223999857902527,-0.05990000069141388,0.0496
121,226.5954,217.0406,214.0466,161.2857,11.4705,103.8144,1226121,0.9969000220298767,0.18289999663829803,1.0,0.0012000000569969416,0.010599999688565731,0.6195999979972839,-0.07670000195503235,0.0443
122,228.9939,218.0682,216.5138,166.7359,8.1081,104.7917,1236181,0.9966999888420105,0.11829999834299088,1.0,0.0024999999441206455,0.013700000010430813,0.6190999746322632,-0.08209999650716782,0.0457
123,229.4355,218.9072,217.3207,163.6483,9.0064,104.8229,1246244,0.9965999722480774,0.08540000021457672,1.0,0.0007999999797903001,0.007000000216066837,0.6146000027656555,-0.10360000282526016,0.0464
124,226.7274,219.3494,218.5029,178.7312,5.9824,105.1458,1256338,0.9965999722480774,0.08569999784231186,1.0,0.0038999998942017555,0.015300000086426735,0.6147000193595886,-0.10660000145435333,0.0518
125,242.1238,220.5251,219.9424,152.8574,8.3055,105.3684,1266348,0.9968000054359436,0.13130000233650208,1.0,0.0017999999690800905,0.009800000116229057,0.6103000044822693,-0.12849999964237213,0.0479
126,229.3256,222.1139,219.4786,117.2043,13.9803,105.1771,1276445,0.996999979019165,0.1881999969482422,1.0,0.0007999999797903001,0.007699999958276749,0.6054999828338623,-0.15530000627040863,0.0478
127,237.2078,221.8872,221.593,214.3612,3.4852,105.8526,1286501,0.9968000054359436,0.14550000429153442,1.0,0.0017000000225380063,0.009999999776482582,0.5999000072479248,-0.18410000205039978,0.0536
128,229.8023,222.8216,222.6643,212.7319,3.0171,106.0211,1296573,0.9965999722480774,0.08179999887943268,1.0,0.0038999998942017555,0.00930000003427267,0.593999981880188,-0.21369999647140503,0.057
129,228.9697,222.7357,222.4125,213.9789,2.6633,105.2632,1306573,0.9969000220298767,0.14270000159740448,1.0,0.0013000000035390258,0.012000000104308128,0.5916000008583069,-0.22619999945163727,0.0586
130,235.5059,222.6332,222.6693,215.3806,2.8467,104.7292,1316627,0.9968000054359436,0.10970000177621841,1.0,0.0031999999191612005,0.016100000590085983,0.5914999842643738,-0.22789999842643738,0.0613
131,230.3542,223.3651,222.8946,210.2975,3.2542,104.5312,1326662,0.9968000054359436,0.09950000047683716,1.0,0.0017000000225380063,0.013500000350177288,0.5906999707221985,-0.23489999771118164,0.0606
132,232.1835,222.7026,221.1962,155.1958,10.3144,103.1237,1336665,0.9970999956130981,0.19130000472068787,1.0,0.0007999999797903001,0.007400000002235174,0.5903000235557556,-0.2362000048160553,0.059
133,233.6718,223.2752,222.6653,140.6723,8.8592,103.9691,1346750,0.9972000122070312,0.1906999945640564,1.0,0.002300000051036477,0.009600000455975533,0.5877000093460083,-0.249099999666214,0.0493
134,241.2255,224.14,224.0989,215.9574,3.6588,104.3646,1356769,0.996999979019165,0.13920000195503235,1.0,-0.000699999975040555,0.003000000026077032,0.5820000171661377,-0.2754000127315521,0.0587
135,230.0196,224.3676,224.1316,212.0794,2.7199,103.9175,1366849,0.9966999888420105,0.059300001710653305,1.0,0.0008999999845400453,0.009200000204145908,0.5763000249862671,-0.3043000102043152,0.0653
136,236.5303,224.287,224.1255,218.2982,2.9528,103.9175,1376929,0.9966999888420105,0.059700001031160355,1.0,0.00039999998989515007,0.007799999788403511,0.5690000057220459,-0.3422999978065491,0.06
137,233.8496,223.7265,223.9388,217.7551,2.9292,103.2062,1386940,0.9968000054359436,0.07670000195503235,1.0,0.0013000000035390258,0.006200000178068876,0.5641000270843506,-0.36739999055862427,0.063
138,238.6032,223.7748,223.8772,217.2137,3.0135,102.8367,1397018,0.9968000054359436,0.06369999796152115,1.0,0.001500000013038516,0.00930000003427267,0.5583000183105469,-0.39419999718666077,0.0653
139,233.0115,223.3527,223.1857,208.8208,3.5524,102.3878,1407052,0.9968000054359436,0.05779999867081642,1.0,-0.0006000000284984708,0.0026000000070780516,0.5566999912261963,-0.4047999978065491,0.0651
140,231.6342,223.6845,223.5825,216.1195,2.9306,102.1735,1417065,0.9968000054359436,0.053700000047683716,1.0,0.0006000000284984708,0.006300000008195639,0.555400013923645,-0.4108999967575073,0.0686
141,230.819,223.3757,223.4467,216.612,2.9672,102.1429,1427075,0.9968000054359436,0.056699998676776886,1.0,0.0003000000142492354,0.0032999999821186066,0.5508999824523926,-0.4361000061035156,0.0615
142,229.7775,224.4813,224.2499,215.2904,3.0705,102.5,1437120,0.9966999888420105,0.040699999779462814,1.0,0.001500000013038516,0.006599999964237213,0.5472000241279602,-0.4587000012397766,0.0669
143,231.1019,224.6331,224.2375,216.9431,3.0562,102.102,1447126,0.996999979019165,0.14079999923706055,1.0,0.00019999999494757503,0.002400000113993883,0.5453000068664551,-0.47130000591278076,0.0722
144,230.4629,223.3871,223.4535,210.3562,3.4234,101.5657,1457181,0.9969000220298767,0.09440000355243683,1.0,0.0015999999595806003,0.005499999970197678,0.5408999919891357,-0.4968999922275543,0.0742
145,239.6882,224.6824,224.17,208.5506,3.759,101.8182,1467261,0.996999979019165,0.11840000003576279,1.0,0.00139999995008111,0.008100000210106373,0.5385000109672546,-0.5102999806404114,0.0682
146,235.6871,224.7021,224.3251,214.3008,3.0464,101.6162,1477321,0.9968000054359436,0.05920000001788139,1.0,0.0005000000237487257,0.0024999999441206455,0.536300003528595,-0.5224000215530396,0.068
147,240.2301,224.1319,224.2314,212.0022,3.4328,101.4343,1487363,0.9968000054359436,0.05990000069141388,1.0,0.0013000000035390258,0.006899999920278788,0.5343999862670898,-0.5325999855995178,0.0711
148,233.7841,224.0735,223.916,209.5683,3.4518,101.1111,1497373,0.996999979019165,0.10649999976158142,1.0,0.0003000000142492354,0.0020000000949949026,0.5306000113487244,-0.5537999868392944,0.0733
149,233.9469,224.3599,223.7763,209.1603,3.4878,100.94,1507467,0.9969000220298767,0.07940000295639038,1.0,0.0026000000070780516,0.008700000122189522,0.5260000228881836,-0.579800009727478,0.069
150,229.2444,224.1828,223.9279,213.697,2.7696,100.92,1517559,0.996999979019165,0.10209999978542328,1.0,0.0017000000225380063,0.005200000014156103,0.5188000202178955,-0.620199978351593,0.0704
151,229.652,223.9958,223.894,215.9552,2.5647,100.62,1527621,0.996999979019165,0.10869999974966049,1.0,0.0034000000450760126,0.009999999776482582,0.5164999961853027,-0.6306999921798706,0.07
152,230.2725,224.9976,224.5388,212.3585,2.9259,100.94,1537715,0.9973000288009644,0.18880000710487366,1.0,0.0005000000237487257,0.004399999976158142,0.5092999935150146,-0.6735000014305115,0.0736
153,229.466,224.2334,224.3576,212.6898,2.6471,100.6,1547775,0.996999979019165,0.12210000306367874,1.0,-0.0003000000142492354,0.002099999925121665,0.5054000020027161,-0.6973999738693237,0.0799
154,242.3922,225.0096,225.0141,218.3861,3.1537,100.9,1557865,0.9970999956130981,0.1476999968290329,1.0,0.0017999999690800905,0.007000000216066837,0.5024999976158142,-0.7138000130653381,0.0783
155,234.159,224.8422,224.8392,217.1407,3.0056,100.6,1567925,0.996999979019165,0.12030000239610672,1.0,0.0013000000035390258,0.006399999838322401,0.49900001287460327,-0.7325000166893005,0.0801
156,231.2108,224.7864,224.9,218.1716,2.5516,100.39,1577964,0.9970999956130981,0.13189999759197235,1.0,0.0017999999690800905,0.003000000026077032,0.49540001153945923,-0.7549999952316284,0.0796
157,234.5715,225.7941,225.2286,216.361,2.9571,100.46,1588010,0.9972000122070312,0.16210000216960907,1.0,0.003000000026077032,0.004900000058114529,0.4918000102043152,-0.7771000266075134,0.0828
158,240.3926,225.5981,225.3126,205.29,3.851,100.75,1598085,0.9972000122070312,0.17170000076293945,1.0,0.0026000000070780516,0.00559999980032444,0.48969998955726624,-0.7882999777793884,0.0779
159,229.9779,225.6141,225.183,212.2963,2.7566,100.45,1608130,0.9970999956130981,0.12359999865293503,1.0,0.0012000000569969416,0.0044999998062849045,0.4860000014305115,-0.8105000257492065,0.0812
160,230.8358,224.9894,224.9147,211.9787,2.858,100.24,1618154,0.9970999956130981,0.14300000667572021,1.0,0.0010000000474974513,0.003700000001117587,0.48420000076293945,-0.8234999775886536,0.0781
161,243.8223,225.5352,225.3775,191.5738,5.5739,100.76,1628230,0.996999979019165,0.1234000027179718,1.0,0.0017000000225380063,0.0066999997943639755,0.48260000348091125,-0.8323000073432922,0.0758
162,231.4231,225.1515,225.1217,219.474,2.1996,100.16,1638246,0.9972000122070312,0.17730000615119934,1.0,0.003100000089034438,0.00860000029206276,0.4797999858856201,-0.8499000072479248,0.0815
163,234.7638,225.3829,224.9139,175.6954,5.7188,100.12,1648258,0.996999979019165,0.09229999780654907,1.0,0.0006000000284984708,0.005400000140070915,0.4781999886035919,-0.8601999878883362,0.0646
164,240.3221,225.7888,225.7207,215.9238,3.2506,100.43,1658301,0.9969000220298767,0.08749999850988388,1.0,0.0031999999191612005,0.014100000262260437,0.4763999879360199,-0.8763999938964844,0.0829
165,243.2035,225.675,225.5259,212.4437,3.0204,100.25,1668326,0.9969000220298767,0.08100000023841858,1.0,0.002899999963119626,0.010900000110268593,0.4715999960899353,-0.9068999886512756,0.0848
166,234.9251,225.5361,225.3313,220.3412,2.3962,99.9802,1678424,0.9972000122070312,0.1476999968290329,1.0,0.0013000000035390258,0.004900000058114529,0.47099998593330383,-0.9117000102996826,0.0923
167,234.4804,225.3266,224.774,182.3637,5.1229,99.5248,1688476,0.996999979019165,0.11749999970197678,1.0,0.002400000113993883,0.01209999993443489,0.46950000524520874,-0.9217000007629395,0.0722
168,238.0502,225.0789,225.6956,218.5326,3.3304,100.24,1698500,0.9970999956130981,0.15109999477863312,1.0,0.0005000000237487257,0.00430000014603138,0.4625999927520752,-0.9629999995231628,0.0868
169,234.5454,224.9258,224.6793,212.9049,2.9243,99.3168,1708531,0.9972000122070312,0.16259999573230743,1.0,0.0034000000450760126,0.00930000003427267,0.4602000117301941,-0.9810000061988831,0.0966
170,239.252,225.5133,225.3631,213.1311,2.9474,99.6931,1718600,0.9972000122070312,0.16140000522136688,1.0,0.003700000001117587,0.007799999788403511,0.4569999873638153,-1.0018999576568604,0.0851
171,240.1683,225.0951,225.0416,206.94,4.0427,99.802,1728680,0.9972000122070312,0.1680999994277954,1.0,0.0015999999595806003,0.011599999852478504,0.45339998602867126,-1.0286999940872192,0.0726
172,235.5402,225.4583,225.1706,199.1135,3.7324,99.6535,1738745,0.9968000054359436,0.04309999942779541,1.0,0.00139999995008111,0.004699999932199717,0.45179998874664307,-1.0370999574661255,0.075
173,248.3449,225.4005,225.0283,204.3191,3.9842,99.4653,1748791,0.9968000054359436,0.04749999940395355,1.0,0.002300000051036477,0.009600000455975533,0.4494999945163727,-1.052299976348877,0.0836
174,234.6642,225.5568,225.4106,215.4662,2.6346,99.5743,1758848,0.996999979019165,0.10000000149011612,1.0,0.0027000000700354576,0.008500000461935997,0.44780001044273376,-1.0625,0.0933
175,241.0809,224.883,224.0189,187.7481,7.1983,99.0792,1768855,0.9970999956130981,0.15700000524520874,1.0,0.002199999988079071,0.006599999964237213,0.4456999897956848,-1.077299952507019,0.0981
176,236.5639,224.4175,224.3593,212.0617,3.1368,98.9902,1778952,0.9969000220298767,0.08940000087022781,1.0,0.0005000000237487257,0.00430000014603138,0.4433000087738037,-1.0880999565124512,0.096
177,238.6584,224.7524,224.4652,206.2175,4.0023,99.2376,1788975,0.9969000220298767,0.07129999995231628,1.0,0.0017999999690800905,0.005200000014156103,0.4406000077724457,-1.1058000326156616,0.0933
178,231.7015,223.9174,223.8586,208.3826,3.3694,99.0099,1798975,0.9972000122070312,0.16030000150203705,1.0,0.002199999988079071,0.006000000052154064,0.43779999017715454,-1.125499963760376,0.0997
179,237.9712,224.0484,224.0113,215.1919,3.0116,98.7941,1809052,0.9970999956130981,0.14169999957084656,1.0,0.00139999995008111,0.0066999997943639755,0.4341999888420105,-1.149399995803833,0.0964
180,229.9574,223.7544,223.387,207.8089,3.3018,98.3922,1819088,0.9973000288009644,0.18979999423027039,1.0,0.0020000000949949026,0.006599999964237213,0.4300999939441681,-1.1785999536514282,0.0999
181,230.9977,224.4247,223.506,195.2753,5.0807,98.5882,1829144,0.9970999956130981,0.12770000100135803,1.0,0.00019999999494757503,0.0017000000225380063,0.42969998717308044,-1.1837999820709229,0.1023
182,240.1315,224.0366,223.8904,201.7416,3.8275,98.8137,1839223,0.9972000122070312,0.16750000417232513,1.0,0.00019999999494757503,0.00279999990016222,0.4239000082015991,-1.2237999439239502,0.1146
183,228.6343,224.5505,224.3073,213.6008,2.7119,98.7647,1849297,0.9972000122070312,0.1784999966621399,1.0,0.0005000000237487257,0.0035000001080334187,0.42239999771118164,-1.2386000156402588,0.1102
184,232.0538,224.4075,224.1577,208.8457,2.8575,98.7353,1859368,0.9973000288009644,0.18880000710487366,1.0,0.0010000000474974513,0.004600000102072954,0.4212000072002411,-1.2467000484466553,0.0965
185,229.227,224.1157,224.1095,215.9099,2.5009,98.6471,1869430,0.9972000122070312,0.15240000188350677,1.0,0.00570000009611249,0.00800000037997961,0.4172999858856201,-1.2755000591278076,0.1146
186,231.99,224.0685,223.9832,209.2221,2.8797,98.4804,1879475,0.9973000288009644,0.181099995970726,1.0,0.00139999995008111,0.0034000000450760126,0.41749998927116394,-1.2786999940872192,0.1112
187,229.0444,223.919,223.5492,207.8238,3.2166,98.2255,1889494,0.9973999857902527,0.21899999678134918,1.0,0.002400000113993883,0.005799999926239252,0.415800005197525,-1.291200041770935,0.1066
188,238.107,223.8915,223.5435,204.9868,3.7408,98.5588,1899547,0.9972000122070312,0.15870000422000885,1.0,0.0034000000450760126,0.00800000037997961,0.4142000079154968,-1.3042999505996704,0.0959
189,235.3575,223.4565,223.8689,218.3469,2.6242,98.5784,1909602,0.9973000288009644,0.19859999418258667,1.0,0.0031999999191612005,0.010700000450015068,0.41040000319480896,-1.3300000429153442,0.1072
190,242.8875,223.4749,223.2407,195.3815,4.2519,98.1667,1919615,0.9970999956130981,0.12200000137090683,1.0,0.000699999975040555,0.0026000000070780516,0.4090999960899353,-1.3379000425338745,0.0908
191,230.2737,223.7566,223.7701,216.9902,2.3486,98.3725,1929649,0.9973000288009644,0.20479999482631683,1.0,0.00139999995008111,0.007300000172108412,0.4047999978065491,-1.368499994277954,0.1114
192,251.1449,223.7385,223.7651,202.6707,4.389,98.5392,1939700,0.9972000122070312,0.1745000034570694,1.0,0.005100000184029341,0.0272000003606081,0.40400001406669617,-1.3720999956130981,0.0984
193,232.8405,223.7542,223.8318,198.0581,3.5597,98.4902,1949746,0.9970999956130981,0.1274999976158142,1.0,0.001500000013038516,0.007000000216066837,0.4025999903678894,-1.3779000043869019,0.0975
194,226.9952,222.9835,222.7356,206.4893,2.5117,97.9126,1959831,0.9980000257492065,0.39579999446868896,1.0,0.0008999999845400453,0.01360000018030405,0.39989998936653137,-1.4012999534606934,0.0948
195,247.5844,223.7718,224.0284,218.9917,3.2395,98.549,1969883,0.9973999857902527,0.20659999549388885,1.0,0.004600000102072954,0.020099999383091927,0.39559999108314514,-1.4316999912261963,0.1119
196,229.2134,223.3393,223.3148,217.348,2.2599,98.0784,1979887,0.9976999759674072,0.29499998688697815,1.0,0.0027000000700354576,0.00989999994635582,0.3921000063419342,-1.4610999822616577,0.1197
197,233.8735,223.5602,223.3939,209.9459,2.6543,98.2353,1989907,0.9976999759674072,0.29440000653266907,1.0,0.0026000000070780516,0.012199999764561653,0.38960000872612,-1.4802000522613525,0.1057
198,228.4652,223.5201,223.121,197.7264,3.4207,97.9223,1999993,0.9972000122070312,0.14429999887943268,1.0,0.0015999999595806003,0.005900000222027302,0.387800008058548,-1.49590003490448,0.1292
199,229.1065,222.9678,222.8462,215.2518,2.3981,97.8447,2010071,0.9973999857902527,0.2013999968767166,1.0,0.0012000000569969416,0.008500000461935997,0.3855000138282776,-1.5169999599456787,0.1128
200,227.9302,223.5497,223.2197,212.8705,2.489,97.7767,2020142,0.9976999759674072,0.29679998755455017,1.0,0.004399999976158142,0.004699999932199717,0.3846000134944916,-1.5241999626159668,0.1311
201,230.6746,223.5989,223.1512,195.5165,3.7801,97.8155,2030217,0.9973000288009644,0.17090000212192535,1.0,0.0017999999690800905,0.009499999694526196,0.3846000134944916,-1.5273000001907349,0.1328
202,234.993,223.5256,223.0854,204.8383,3.474,97.8252,2040293,0.9970999956130981,0.11630000174045563,1.0,0.007899999618530273,0.029500000178813934,0.38190001249313354,-1.5480999946594238,0.1214
203,230.9565,223.9606,223.5091,192.8225,3.9084,98.0392,2050293,0.996999979019165,0.09279999881982803,1.0,0.002300000051036477,0.011099999770522118,0.37940001487731934,-1.5677000284194946,0.1121
204,237.0406,223.9062,223.4937,193.8216,3.8632,97.9515,2060382,0.9969000220298767,0.06840000301599503,1.0,0.0026000000070780516,0.02239999920129776,0.3781999945640564,-1.5776000022888184,0.1024
205,228.6046,224.3245,223.7633,201.5487,3.3227,98.1373,2070392,0.9970999956130981,0.1005999967455864,1.0,0.0038999998942017555,0.01590000092983246,0.3767000138759613,-1.5861999988555908,0.1186
206,228.8431,223.4133,222.886,191.294,3.7974,97.5922,2080444,0.9970999956130981,0.11309999972581863,1.0,0.004000000189989805,0.017400000244379044,0.37630000710487366,-1.5937999486923218,0.1205
207,238.6342,223.7938,223.4654,214.1633,3.2461,98.049,2090445,0.9973999857902527,0.19859999418258667,1.0,0.002400000113993883,0.008799999952316284,0.3747999966144562,-1.6017999649047852,0.1127
208,229.4438,223.4003,223.31,213.2332,2.3577,97.8155,2100520,0.9979000091552734,0.38019999861717224,1.0,0.006800000090152025,0.01590000092983246,0.37389999628067017,-1.6166000366210938,0.1382
209,233.393,223.864,223.8195,216.7562,2.1418,97.8641,2110600,0.9979000091552734,0.3589000105857849,1.0,0.0035000001080334187,0.008999999612569809,0.37229999899864197,-1.6318999528884888,0.1422
210,230.2596,223.8164,223.5019,213.2662,2.4124,97.835,2120677,0.998199999332428,0.46050000190734863,1.0,0.008899999782443047,0.01360000018030405,0.37229999899864197,-1.631600022315979,0.146
211,230.4284,223.5367,223.2701,208.4338,2.8265,97.7087,2130741,0.9979000091552734,0.37450000643730164,1.0,0.00839999970048666,0.025200000032782555,0.37220001220703125,-1.6331000328063965,0.136
212,232.4055,223.9118,223.5717,213.7051,2.735,97.9709,2140832,0.9976999759674072,0.31529998779296875,1.0,0.0019000000320374966,0.00559999980032444,0.36880001425743103,-1.6620999574661255,0.1302
213,229.7603,224.4624,224.3339,212.157,2.3332,98.2353,2150852,0.9976999759674072,0.3050999939441681,1.0,0.0071000000461936,0.02370000071823597,0.36730000376701355,-1.672700047492981,0.1292
214,239.4828,223.6111,223.3265,192.2661,4.8723,97.8932,2160935,0.9973000288009644,0.186599999666214,1.0,0.003700000001117587,0.016499999910593033,0.3666999936103821,-1.6775000095367432,0.1209
215,235.7362,223.5979,223.1926,197.6743,4.5,97.8544,2171014,0.996999979019165,0.0869000032544136,1.0,0.002300000051036477,0.012299999594688416,0.3652999997138977,-1.687999963760376,0.1206
216,229.8503,223.5716,223.5403,213.1482,2.5529,97.8058,2181088,0.9973000288009644,0.16820000112056732,1.0,0.007199999876320362,0.024700000882148743,0.36390000581741333,-1.69760000705719,0.1416
217,229.1176,224.5059,223.8035,207.2585,2.8947,97.8932,2191171,0.9975000023841858,0.23759999871253967,1.0,0.0038999998942017555,0.008999999612569809,0.3634999990463257,-1.7024999856948853,0.1497
218,248.7846,223.9089,224.1231,217.7072,3.721,98.2549,2201193,0.9973000288009644,0.19030000269412994,1.0,0.005400000140070915,0.019300000742077827,0.3628999888896942,-1.7064000368118286,0.1279
219,237.5108,224.0536,224.1218,214.2035,2.7384,98.2157,2211211,0.9973000288009644,0.18359999358654022,1.0,0.004600000102072954,0.014000000432133675,0.3610000014305115,-1.7214000225067139,0.1177
220,250.4697,223.8753,224.0015,205.5022,4.1029,98.098,2221217,0.996999979019165,0.09619999676942825,1.0,0.0052999998442828655,0.025200000032782555,0.3580000102519989,-1.742400050163269,0.1321
221,241.9003,223.8811,224.1388,216.1805,2.7312,98.098,2231223,0.9970999956130981,0.1096000000834465,1.0,0.01080000028014183,0.030300000682473183,0.35670000314712524,-1.751099944114685,0.1287
222,228.0504,223.785,223.1337,199.2089,3.8492,97.6019,2241276,0.9972000122070312,0.15790000557899475,1.0,0.0071000000461936,0.03739999979734421,0.35600000619888306,-1.7591999769210815,0.1527
223,230.4508,224.1843,223.9008,208.6403,2.8076,98.0097,2251371,0.9970999956130981,0.13429999351501465,1.0,0.01209999993443489,0.0340999998152256,0.3555999994277954,-1.7687000036239624,0.1558
224,245.5947,223.9229,224.1875,215.5172,3.3402,98.1863,2261386,0.9972000122070312,0.13199999928474426,1.0,0.007799999788403511,0.04879999905824661,0.3531000018119812,-1.7872999906539917,0.1233
225,241.5731,224.2645,224.0023,205.8584,4.2459,98.3333,2271416,0.9970999956130981,0.09830000251531601,1.0,0.008200000040233135,0.02979999966919422,0.35089999437332153,-1.801800012588501,0.134
226,234.512,223.3511,223.2795,215.3726,2.4507,97.6893,2281478,0.9973000288009644,0.16940000653266907,1.0,0.008700000122189522,0.01940000057220459,0.3495999872684479,-1.8133000135421753,0.161
227,229.3421,223.8703,223.2538,198.3206,3.8353,97.6214,2291533,0.9972000122070312,0.133200004696846,1.0,0.02239999920129776,0.06340000033378601,0.3481999933719635,-1.8229000568389893,0.1705
228,229.9855,223.7223,223.1953,200.2132,3.2811,97.5146,2301577,0.996999979019165,0.09290000051259995,1.0,0.010300000198185444,0.049300000071525574,0.34709998965263367,-1.8324999809265137,0.1359
229,233.8687,223.7962,223.2543,201.5514,3.3822,97.835,2311654,0.9972000122070312,0.1379999965429306,1.0,0.005200000014156103,0.02930000051856041,0.34549999237060547,-1.8460999727249146,0.1296
230,232.28,223.7705,223.4718,213.7607,2.4682,97.6117,2321708,0.9979000091552734,0.3549000024795532,1.0,0.01640000008046627,0.0689999982714653,0.34459999203681946,-1.854200005531311,0.149
231,227.7599,223.644,223.5771,215.4899,1.9735,97.6214,2331763,0.9979000091552734,0.34790000319480896,1.0,0.009999999776482582,0.044599998742341995,0.3452000021934509,-1.853700041770935,0.1539
232,240.6566,223.6269,223.3547,199.3465,4.7577,97.9903,2341856,0.9976000189781189,0.26750001311302185,1.0,0.008200000040233135,0.03660000115633011,0.34380000829696655,-1.8631000518798828,0.1379
233,231.2476,223.664,223.3475,216.0131,2.5537,97.4757,2351896,0.9976999759674072,0.28040000796318054,1.0,0.009200000204145908,0.01769999973475933,0.34220001101493835,-1.878000020980835,0.1548
234,229.6169,223.6487,222.7713,201.0747,3.8481,97.3107,2361919,0.9975000023841858,0.23649999499320984,1.0,0.009700000286102295,0.030400000512599945,0.34139999747276306,-1.8859000205993652,0.1438
235,236.8809,223.8641,223.0886,194.1115,5.1682,97.4757,2371959,0.9970999956130981,0.13760000467300415,1.0,0.009999999776482582,0.04340000078082085,0.3391999900341034,-1.9062000513076782,0.1376
236,243.5745,223.7269,223.5051,204.8328,3.8815,98.0,2382053,0.9973000288009644,0.1712999939918518,1.0,0.007899999618530273,0.02810000069439411,0.33809998631477356,-1.9175000190734863,0.1437
237,229.6148,223.8175,223.3166,200.329,3.3317,97.4951,2392095,0.9972000122070312,0.13740000128746033,1.0,0.010400000028312206,0.06350000202655792,0.3359000086784363,-1.9337999820709229,0.1727
238,244.1347,224.0079,224.1618,212.8329,3.667,98.0392,2402095,0.9970999956130981,0.12240000069141388,1.0,0.007600000128149986,0.03519999980926514,0.33329999446868896,-1.9537999629974365,0.1153
239,230.559,223.1705,222.5555,206.0683,3.9499,97.0874,2412095,0.9973000288009644,0.17659999430179596,1.0,0.007699999958276749,0.030500000342726707,0.33239999413490295,-1.9622999429702759,0.1583
240,228.133,223.3598,222.5033,196.1647,4.8041,97.1262,2422099,0.996999979019165,0.08860000222921371,1.0,0.010200000368058681,0.026399999856948853,0.33250001072883606,-1.9595999717712402,0.1361
241,231.2362,223.5354,222.9629,208.0151,3.8685,97.3107,2432122,0.9970999956130981,0.12070000171661377,1.0,0.006899999920278788,0.02419999986886978,0.3328999876976013,-1.9616999626159668,0.1708
242,228.2275,223.45,223.1321,208.0252,2.9665,97.2913,2442143,0.9970999956130981,0.12770000100135803,1.0,0.01209999993443489,0.02930000051856041,0.33160001039505005,-1.9742000102996826,0.1773
243,227.9581,223.4386,223.3453,213.1662,2.5582,97.4757,2452183,0.9973000288009644,0.1808999925851822,1.0,0.012600000016391277,0.050599999725818634,0.33090001344680786,-1.9781999588012695,0.1412
244,230.8193,223.7722,223.235,201.1725,3.9206,97.466,2462222,0.9973000288009644,0.1535000056028366,1.0,0.016499999910593033,0.05429999902844429,0.32989999651908875,-1.9845999479293823,0.1686
245,235.5922,223.6076,222.994,194.1464,5.1329,97.4078,2472255,0.9969000220298767,0.0406000018119812,1.0,0.0071000000461936,0.028200000524520874,0.3294000029563904,-1.9888999462127686,0.1818
246,246.4402,223.7861,224.037,212.4667,3.4583,97.9515,2482344,0.9970999956130981,0.10920000076293945,1.0,0.00800000037997961,0.0340999998152256,0.32749998569488525,-2.0051000118255615,0.1197
247,241.718,223.7387,224.2292,218.701,3.1533,98.0,2492438,0.9973999857902527,0.18230000138282776,1.0,0.010700000450015068,0.04610000178217888,0.3255999982357025,-2.0216000080108643,0.1674
248,233.4487,223.7163,223.3674,199.6988,3.7739,97.5631,2502487,0.9973000288009644,0.16869999468326569,1.0,0.013399999588727951,0.05270000174641609,0.32499998807907104,-2.025099992752075,0.1552
249,227.9869,223.7503,223.2666,209.1397,2.8121,97.4854,2512528,0.9973999857902527,0.19539999961853027,1.0,0.014800000004470348,0.04500000178813934,0.32330000400543213,-2.0390000343322754,0.1544
250,228.9449,223.3376,222.9216,201.9495,3.7711,97.3592,2522556,0.9973000288009644,0.16140000522136688,1.0,0.008999999612569809,0.02879999950528145,0.3237999975681305,-2.0360000133514404,0.1541
251,230.0438,224.1436,223.6328,201.6588,4.1443,97.6796,2532617,0.996999979019165,0.0803999975323677,1.0,0.009499999694526196,0.02879999950528145,0.3248000144958496,-2.0283000469207764,0.1513
252,230.0064,224.179,223.6072,209.5817,2.9996,97.699,2542680,0.9972000122070312,0.1152999997138977,1.0,0.030700000002980232,0.07240000367164612,0.3255000114440918,-2.024600028991699,0.2137
253,229.3827,223.8825,223.5993,212.7449,2.5514,97.5534,2552728,0.9973000288009644,0.16429999470710754,1.0,0.01850000023841858,0.056699998676776886,0.3257000148296356,-2.0244998931884766,0.1888
254,241.4844,224.0342,223.9127,211.1539,3.2649,97.9515,2562817,0.9972000122070312,0.11590000241994858,1.0,0.014000000432133675,0.044599998742341995,0.32580000162124634,-2.0223000049591064,0.1514
255,231.7727,223.6681,223.3739,202.7249,3.7926,97.4563,2572855,0.996999979019165,0.08609999716281891,1.0,0.009800000116229057,0.038100000470876694,0.3246999979019165,-2.032599925994873,0.1798
256,248.6194,223.5394,223.6653,206.968,3.9329,97.8738,2582936,0.9970999956130981,0.09640000015497208,1.0,0.012299999594688416,0.040699999779462814,0.3222000002861023,-2.053499937057495,0.169
257,228.7604,223.9436,223.3336,205.3207,3.6947,97.5146,2592980,0.9970999956130981,0.10970000177621841,1.0,0.020899999886751175,0.06199999898672104,0.32249999046325684,-2.0541999340057373,0.1595
258,236.3709,223.6924,223.8743,216.6495,2.6822,97.7573,2603049,0.9973999857902527,0.18709999322891235,1.0,0.021400000900030136,0.07890000194311142,0.32199999690055847,-2.056999921798706,0.1577
259,238.584,223.8477,223.683,201.0137,4.8474,97.9126,2613134,0.9973999857902527,0.211899995803833,1.0,0.009700000286102295,0.045499999076128006,0.32089999318122864,-2.0641000270843506,0.1565
260,232.6545,223.9567,223.5876,206.2213,3.7081,97.7184,2623199,0.9970999956130981,0.09109999984502792,1.0,0.03790000081062317,0.09529999643564224,0.31709998846054077,-2.0977001190185547,0.2181
261,230.5294,223.7589,223.3471,208.5072,3.0195,97.5825,2633250,0.996999979019165,0.08709999918937683,1.0,0.016200000420212746,0.03689999878406525,0.3165000081062317,-2.1064000129699707,0.2058
262,227.9233,224.1978,223.6936,206.921,2.9202,97.7767,2643321,0.996999979019165,0.08169999718666077,1.0,0.034699998795986176,0.07190000265836716,0.3165000081062317,-2.1115000247955322,0.2212
263,228.3542,223.6441,223.1814,201.988,3.6032,97.3883,2653352,0.996999979019165,0.08030000329017639,1.0,0.029200000688433647,0.09960000216960907,0.3165999948978424,-2.1103999614715576,0.17
264,229.8375,224.0578,223.7908,207.6447,2.9215,97.7961,2663425,0.9973000288009644,0.16760000586509705,1.0,0.0272000003606081,0.09520000219345093,0.3163999915122986,-2.115799903869629,0.202
265,232.8413,224.1484,224.2337,215.1328,2.4894,97.8447,2673503,0.9977999925613403,0.3192000091075897,1.0,0.018400000408291817,0.06509999930858612,0.3165000081062317,-2.115499973297119,0.1759
266,229.5286,224.2183,223.6504,198.6966,3.7499,97.6796,2683564,0.9976999759674072,0.2809000015258789,1.0,0.009499999694526196,0.04650000110268593,0.3165000081062317,-2.116499900817871,0.1648
267,232.5053,224.3461,223.4746,199.6558,4.5696,97.7476,2693632,0.9970999956130981,0.11659999936819077,1.0,0.008200000040233135,0.0340999998152256,0.3174000084400177,-2.109100103378296,0.1586
268,230.6512,224.5765,224.1185,215.8,2.4445,97.8252,2703708,0.9976000189781189,0.27239999175071716,1.0,0.014800000004470348,0.05119999870657921,0.3174999952316284,-2.1094000339508057,0.177
269,231.2262,223.9412,223.6503,208.0199,2.7938,97.5922,2713760,0.9976000189781189,0.2484000027179718,1.0,0.01640000008046627,0.07109999656677246,0.31700000166893005,-2.11680006980896,0.1703
270,231.832,224.0209,223.0691,201.6182,4.6542,97.4078,2723793,0.9973999857902527,0.21299999952316284,1.0,0.016499999910593033,0.06400000303983688,0.31709998846054077,-2.1154000759124756,0.1664
271,244.4166,224.3222,223.9289,197.4808,4.4369,97.9223,2733879,0.9970999956130981,0.09960000216960907,1.0,0.01600000075995922,0.05700000002980232,0.3172000050544739,-2.117300033569336,0.1625
272,232.0254,223.8496,224.0509,213.7449,3.0492,97.9612,2743969,0.9973000288009644,0.15199999511241913,1.0,0.020099999383091927,0.06350000202655792,0.31529998779296875,-2.1375999450683594,0.2012
273,231.256,224.282,223.8258,206.6257,3.4031,97.7573,2754038,0.9973000288009644,0.18479999899864197,1.0,0.025599999353289604,0.08460000157356262,0.3163999915122986,-2.1268999576568604,0.1722
274,232.3455,224.3833,223.6318,202.7272,4.0165,97.6796,2764099,0.9973000288009644,0.1673000007867813,1.0,0.013700000010430813,0.053199999034404755,0.31610000133514404,-2.130000114440918,0.1686
275,229.0387,222.9355,222.9251,207.1855,3.325,97.2816,2774119,0.9973000288009644,0.17010000348091125,1.0,0.014700000174343586,0.053599998354911804,0.3165000081062317,-2.1284000873565674,0.197
276,235.863,224.3591,224.2272,215.1474,2.7898,97.9806,2784211,0.9975000023841858,0.225600004196167,1.0,0.026100000366568565,0.12770000100135803,0.3172999918460846,-2.1196000576019287,0.1743
277,233.171,224.1783,224.1185,215.8382,2.6574,98.0,2794305,0.9975000023841858,0.22579999268054962,1.0,0.02070000022649765,0.07370000332593918,0.3165000081062317,-2.127700090408325,0.172
278,228.409,223.5107,223.2638,196.7983,3.5863,97.3689,2804334,0.9973000288009644,0.16269999742507935,1.0,0.017899999395012856,0.09709999710321426,0.31529998779296875,-2.1389000415802,0.2043
279,241.1534,223.6045,223.7052,214.6915,2.7828,97.699,2814397,0.9973000288009644,0.17080000042915344,1.0,0.012500000186264515,0.06870000064373016,0.3156000077724457,-2.131700038909912,0.1453
280,230.4629,223.8462,223.2753,202.1565,3.5769,97.5825,2824448,0.9970999956130981,0.11569999903440475,1.0,0.014299999922513962,0.07109999656677246,0.3149999976158142,-2.141700029373169,0.1648
281,244.2254,223.8666,223.8791,205.3385,4.0379,98.1176,2834456,0.9972000122070312,0.15039999783039093,1.0,0.017500000074505806,0.08959999680519104,0.3156999945640564,-2.1315999031066895,0.1488
282,230.1301,223.5517,223.3113,211.8213,2.5149,97.4466,2844493,0.9976000189781189,0.25839999318122864,1.0,0.01489999983459711,0.05009999871253967,0.3158000111579895,-2.134500026702881,0.1943
283,275.6464,223.6365,224.1701,212.9188,6.1441,98.3039,2854520,0.9976999759674072,0.2824999988079071,1.0,0.011099999770522118,0.09830000251531601,0.31360000371932983,-2.1524999141693115,0.1163
284,235.7406,223.7665,223.1326,200.8001,3.7819,97.4272,2864555,0.9972000122070312,0.12160000205039978,1.0,0.013899999670684338,0.06629999727010727,0.3149000108242035,-2.1396000385284424,0.1572
285,242.9567,223.6878,223.5842,210.2797,3.5425,97.6893,2874617,0.9973000288009644,0.15960000455379486,1.0,0.02250000089406967,0.1264999955892563,0.3154999911785126,-2.135200023651123,0.1478
286,231.4162,223.9606,224.0624,215.3408,2.45,97.8447,2884695,0.9975000023841858,0.21279999613761902,1.0,0.0210999995470047,0.06909999996423721,0.3158000111579895,-2.1335999965667725,0.177
287,230.494,223.0603,222.4818,204.3411,3.6336,97.1748,2894704,0.9976999759674072,0.27549999952316284,1.0,0.02370000071823597,0.07090000063180923,0.31529998779296875,-2.144399881362915,0.184
288,250.1121,224.4473,224.4855,216.7047,3.8273,98.1667,2904717,0.9973000288009644,0.1550000011920929,1.0,0.013399999588727951,0.06530000269412994,0.3125999867916107,-2.1658999919891357,0.1562
289,233.3317,223.809,223.5971,212.7704,2.8858,97.6311,2914773,0.9973999857902527,0.16949999332427979,1.0,0.022099999710917473,0.0892999991774559,0.31290000677108765,-2.160399913787842,0.1801
290,228.505,223.9327,223.4499,202.1417,3.4967,97.7087,2924837,0.9976000189781189,0.24629999697208405,1.0,0.017999999225139618,0.05550000071525574,0.3125999867916107,-2.162100076675415,0.2195
291,258.2317,223.6108,223.8588,210.4548,4.8347,98.1373,2934847,0.9973999857902527,0.1931000053882599,1.0,0.014700000174343586,0.1225999966263771,0.3098999857902527,-2.1875,0.1449
292,234.3494,223.7845,223.6484,207.5414,3.4054,97.7087,2944911,0.9972000122070312,0.12720000743865967,1.0,0.029200000688433647,0.10939999669790268,0.31220000982284546,-2.1689999103546143,0.1826
293,227.8213,223.8748,223.7695,216.39,2.2392,97.6893,2954973,0.9976000189781189,0.2531999945640564,1.0,0.02979999966919422,0.11860000342130661,0.31299999356269836,-2.161900043487549,0.1987
294,243.7649,223.907,223.665,196.6747,4.2979,97.767,2965043,0.9975000023841858,0.23559999465942383,1.0,0.013700000010430813,0.053199999034404755,0.3116999864578247,-2.1728999614715576,0.1626
295,227.9806,223.5279,223.3226,214.443,2.6722,97.534,2975089,0.9975000023841858,0.21719999611377716,1.0,0.026399999856948853,0.07530000060796738,0.3122999966144562,-2.1656999588012695,0.2051
296,235.3231,223.8013,223.6342,203.9622,3.455,97.6796,2985150,0.9975000023841858,0.2126999944448471,1.0,0.017000000923871994,0.06369999796152115,0.31220000982284546,-2.1659998893737793,0.1842
297,229.9344,223.1807,222.7436,200.4776,3.8452,97.301,2995172,0.9973999857902527,0.18880000710487366,1.0,0.03819999843835831,0.13840000331401825,0.3125,-2.1638998985290527,0.1978
298,232.8702,223.8299,222.9371,199.095,4.6244,97.5631,3005221,0.9973999857902527,0.1881999969482422,1.0,0.02250000089406967,0.07240000367164612,0.31360000371932983,-2.1519999504089355,0.1971
299,237.7957,223.3263,223.149,213.8098,3.2847,97.5243,3015266,0.9975000023841858,0.2223999947309494,1.0,0.020600000396370888,0.06930000334978104,0.3124000132083893,-2.1679000854492188,0.2036
300,230.1214,223.5142,222.8632,204.7359,4.1519,97.3981,3025298,0.9973000288009644,0.15719999372959137,1.0,0.020899999886751175,0.094200000166893,0.3133000135421753,-2.160900115966797,0.1799
301,237.5549,223.5298,223.1078,210.3489,3.4848,97.534,3035344,0.9973000288009644,0.16580000519752502,1.0,0.019899999722838402,0.08590000122785568,0.31360000371932983,-2.1570000648498535,0.1795
302,247.4531,223.9565,224.1961,214.41,4.4126,98.3137,3045372,0.9973999857902527,0.20090000331401825,1.0,0.01549999974668026,0.10140000283718109,0.31049999594688416,-2.1870999336242676,0.1385
303,249.0237,223.9218,223.824,214.6752,4.1587,98.0686,3055375,0.9970999956130981,0.0934000015258789,1.0,0.016699999570846558,0.07339999824762344,0.3098999857902527,-2.190000057220459,0.156
304,233.6487,223.4724,223.2228,214.8833,2.8221,97.5049,3065418,0.9972000122070312,0.12269999831914902,1.0,0.014800000004470348,0.06210000067949295,0.30979999899864197,-2.189500093460083,0.1844
305,242.6468,223.3219,222.5933,194.7225,4.9121,97.4466,3075455,0.9970999956130981,0.10639999806880951,1.0,0.029400000348687172,0.1137000024318695,0.3109000027179718,-2.177500009536743,0.1923
306,228.2166,223.3257,222.7414,206.0898,3.9019,97.4175,3085489,0.9970999956130981,0.11590000241994858,1.0,0.0210999995470047,0.09780000150203705,0.31150001287460327,-2.1717000007629395,0.1933
307,242.9254,223.5541,223.4153,208.895,3.4386,97.8252,3095565,0.9973999857902527,0.19900000095367432,1.0,0.017000000923871994,0.08030000329017639,0.31139999628067017,-2.175100088119507,0.1814
308,231.2255,224.0726,223.7127,209.5601,3.3411,98.0291,3105662,0.9973000288009644,0.15410000085830688,1.0,0.01889999955892563,0.09690000116825104,0.3086000084877014,-2.1991000175476074,0.1822
309,243.9603,223.2174,223.1586,207.8519,3.953,97.7573,3115731,0.9972000122070312,0.14149999618530273,1.0,0.01679999940097332,0.1128000020980835,0.3093000054359436,-2.194200038909912,0.158
310,232.2697,223.7377,223.4723,208.8561,3.3198,97.7864,3125803,0.9975000023841858,0.22310000658035278,1.0,1.384600043296814,0.13529999554157257,0.3095000088214874,-2.1947999000549316,0.2448
311,234.671,223.1174,222.3974,206.1971,4.1277,97.2621,3135821,0.9973000288009644,0.1720999926328659,1.0,0.0215000007301569,0.11100000143051147,0.3102000057697296,-2.187000036239624,0.1687
312,237.9437,224.5085,224.137,204.7534,3.9921,98.2353,3145841,0.9973000288009644,0.14630000293254852,1.0,0.017899999395012856,0.0908999964594841,0.30970001220703125,-2.192500114440918,0.1489
313,228.6362,223.5213,222.7219,202.5318,3.8986,97.6117,3155895,0.9975000023841858,0.22849999368190765,1.0,0.01810000091791153,0.1054999977350235,0.3089999854564667,-2.2000999450683594,0.1625
314,243.5251,224.1347,223.9731,207.9325,4.03,98.2353,3165915,0.9972000122070312,0.1071000024676323,1.0,0.015699999406933784,0.07919999957084656,0.3084999918937683,-2.206399917602539,0.1485
315,259.3963,223.3991,223.5981,202.3401,5.0985,97.9709,3176006,0.9972000122070312,0.12600000202655792,1.0,0.012199999764561653,0.10350000113248825,0.3077999949455261,-2.2146999835968018,0.1216
316,231.5114,224.1689,223.4262,206.4178,3.4285,97.835,3186083,0.9975000023841858,0.22089999914169312,1.0,0.02160000056028366,0.08699999749660492,0.3073999881744385,-2.219599962234497,0.1818
317,228.2561,223.7085,223.0452,207.75,3.369,97.5146,3196127,0.9973000288009644,0.15940000116825104,1.0,0.014000000432133675,0.07259999960660934,0.3073999881744385,-2.220599889755249,0.201
318,229.7123,223.8313,222.8768,207.3803,4.1618,97.6311,3206183,0.9973000288009644,0.16300000250339508,1.0,0.02410000003874302,0.08160000294446945,0.3070000112056732,-2.223400115966797,0.2047
319,300.9763,223.5028,224.3101,215.6607,8.2171,98.7647,3216257,0.9979000091552734,0.3357999920845032,1.0,0.004800000227987766,0.06430000066757202,0.3050999939441681,-2.245500087738037,0.101
320,233.1342,224.2975,223.8811,205.6454,3.4261,98.0686,3226260,0.9973999857902527,0.17260000109672546,1.0,0.017100000753998756,0.07699999958276749,0.3050000071525574,-2.2469000816345215,0.176
321,229.6325,223.094,222.9772,208.5531,3.2376,97.6214,3236315,0.9976000189781189,0.23109999299049377,1.0,0.02370000071823597,0.11169999837875366,0.304500013589859,-2.2528998851776123,0.2064
322,230.159,224.2106,223.4417,207.8796,3.6048,98.0588,3246317,0.9975000023841858,0.20180000364780426,1.0,0.01720000058412552,0.0934000015258789,0.30410000681877136,-2.256700038909912,0.1745
323,237.6561,223.562,223.3356,212.2707,3.2733,97.8252,3256393,0.9975000023841858,0.20720000565052032,1.0,0.024299999698996544,0.06509999930858612,0.30309998989105225,-2.2690999507904053,0.1863
324,228.8097,223.7167,223.0664,210.9409,3.3157,97.7379,3266460,0.9975000023841858,0.22310000658035278,1.0,0.0778999999165535,0.16859999299049377,0.30140000581741333,-2.2841999530792236,0.2696
325,234.7841,224.6983,222.5622,39.7536,18.555,98.1176,3276468,0.9990000128746033,0.680400013923645,1.0,0.0071000000461936,0.09619999676942825,0.30149999260902405,-2.27810001373291,0.1012
326,242.2974,224.1691,224.042,196.3506,4.5219,98.3529,3286500,0.9972000122070312,0.13279999792575836,1.0,0.012299999594688416,0.06880000233650208,0.3012000024318695,-2.2820000648498535,0.1687
327,238.9507,223.7917,223.8081,210.9676,3.4928,98.0686,3296503,0.9973000288009644,0.15760000050067902,1.0,0.020600000396370888,0.1168999969959259,0.30169999599456787,-2.275700092315674,0.1998
328,256.6726,224.6953,224.2254,208.8244,4.5458,98.402,3306540,0.9972000122070312,0.10989999771118164,1.0,0.010999999940395355,0.07020000368356705,0.30079999566078186,-2.287100076675415,0.1698
329,228.6023,224.4562,223.7127,210.4371,3.103,98.1373,3316550,0.9976000189781189,0.23029999434947968,1.0,0.024900000542402267,0.11190000176429749,0.30000001192092896,-2.2969000339508057,0.1948
330,229.0479,224.4022,224.0516,216.2106,2.5664,98.0784,3326554,0.9976999759674072,0.2840000092983246,1.0,3.76419997215271,0.08340000361204147,0.29600000381469727,-2.329400062561035,0.2629
331,235.2961,224.6055,223.8391,205.292,3.7337,98.1078,3336561,0.9975000023841858,0.2020999938249588,1.0,0.01979999989271164,0.08659999817609787,0.2957000136375427,-2.331399917602539,0.2159
332,252.4233,224.5677,224.5726,212.8652,4.4206,98.5686,3346615,0.9973000288009644,0.1500999927520752,1.0,0.014399999752640724,0.06300000101327896,0.2964000105857849,-2.3220999240875244,0.1883
333,231.8821,224.4786,224.2603,215.2851,3.0822,98.1863,3356630,0.9972000122070312,0.1371999979019165,1.0,0.02370000071823597,0.09399999678134918,0.29660001397132874,-2.3206000328063965,0.2213
334,230.7155,225.3308,224.7579,217.7801,2.707,98.4216,3366669,0.9975000023841858,0.20389999449253082,1.0,0.03370000049471855,0.093299999833107,0.29580000042915344,-2.330199956893921,0.2476
335,234.9322,224.7905,224.3564,204.3133,3.7222,98.3824,3376704,0.9977999925613403,0.3034000098705292,1.0,0.03830000013113022,0.11410000175237656,0.29510000348091125,-2.3394999504089355,0.2483
336,237.4424,224.0991,223.9534,208.872,4.1598,98.2745,3386728,0.9973000288009644,0.16369999945163727,1.0,0.020600000396370888,0.07639999687671661,0.29490000009536743,-2.3413000106811523,0.2223
337,239.2544,224.5971,223.8428,206.6205,4.2352,98.1275,3396737,0.9969000220298767,0.055799998342990875,1.0,0.014100000262260437,0.1177000030875206,0.2937000095844269,-2.3566999435424805,0.1766
338,231.9866,224.1809,223.7008,201.5821,4.4098,98.049,3406738,0.996999979019165,0.07020000368356705,1.0,0.026000000536441803,0.07209999859333038,0.2946000099182129,-2.346400022506714,0.2556
339,233.8316,224.5034,223.8553,208.3012,3.7074,98.049,3416739,0.9972000122070312,0.13609999418258667,1.0,0.02800000086426735,0.1005999967455864,0.2946999967098236,-2.3447999954223633,0.2041
340,246.5603,225.355,224.7178,214.6304,4.0049,98.5784,3426794,0.9975000023841858,0.22169999778270721,1.0,0.018699999898672104,0.10369999706745148,0.29409998655319214,-2.353800058364868,0.1935
341,233.513,224.9498,224.2665,209.1951,3.4751,98.2647,3436817,0.9973000288009644,0.16349999606609344,1.0,0.015300000086426735,0.05900000035762787,0.29319998621940613,-2.3645999431610107,0.2261
342,231.1725,224.4641,223.6695,203.9522,4.2507,98.1471,3446828,0.9973000288009644,0.1501999944448471,1.0,0.0478999987244606,0.12809999287128448,0.2937999963760376,-2.3570001125335693,0.1976
343,237.0106,224.6302,223.6636,205.0197,4.4894,98.1569,3456840,0.9970999956130981,0.10220000147819519,1.0,0.01979999989271164,0.06840000301599503,0.2930000126361847,-2.3661000728607178,0.2184
344,267.1674,224.2513,224.7802,209.9814,6.8159,99.4455,3466884,0.9975000023841858,0.2295999974012375,1.0,0.013299999758601189,0.08789999783039093,0.2919999957084656,-2.379499912261963,0.2281
345,278.0328,225.2868,223.473,51.4728,18.1638,98.7843,3476960,0.9984999895095825,0.5260000228881836,1.0,0.006200000178068876,0.09619999676942825,0.2904999852180481,-2.397700071334839,0.0981
346,242.0342,224.339,223.9935,206.6761,4.6546,98.3922,3486996,0.9973999857902527,0.18250000476837158,1.0,0.02500000037252903,0.08739999681711197,0.29179999232292175,-2.38070011138916,0.2873
347,242.1773,224.1476,222.6887,104.8838,12.8715,98.6961,3497063,0.9988999962806702,0.6467999815940857,1.0,0.007300000172108412,0.13189999759197235,0.2919999957084656,-2.3785998821258545,0.1191
348,238.0712,224.3088,223.6901,209.7783,3.9308,98.0097,3507158,0.9976999759674072,0.2728999853134155,1.0,0.026000000536441803,0.09969999641180038,0.29319998621940613,-2.3633999824523926,0.3132
349,231.4544,224.7965,223.9971,210.0348,3.5107,98.1961,3517174,0.9972000122070312,0.13369999825954437,1.0,0.02239999920129776,0.07930000126361847,0.29280000925064087,-2.367500066757202,0.2424
